,Number,Name,RA,DEC,Type,V,posunc,centerdist,RA_rate,DEC_rate,geodist,heliodist,alpha,elong,x,y,z,vx,vy,vz,epoch
0,,C/2017 K2,281.67989374999996,11.359452777777777,Comet,11.2,0.34,0.768,17.7805,1.213,3.98177595104,3.76981913054,14.39,70.68,-0.194463565,-3.734958903,0.952037793,0.000581787,0.006672047,-0.010421937,2459640.0
