,Number,Name,RA,DEC,Type,V,posunc,centerdist,RA_rate,DEC_rate,geodist,heliodist,alpha,elong,x,y,z,vx,vy,vz,epoch
0,90403,2003 YE45,79.06307041666666,53.426873611111105,NEA>Apollo,19.1,0.042,53.032,-61.8202,-11.079,0.66824689772,1.56392253806,23.17,141.39,0.645764983,1.135555947,0.870844243,-0.010341057,0.005431322,-0.000886132,2459900.0
