,Number,Name,RA,DEC,Type,V,posunc,centerdist,RA_rate,DEC_rate,geodist,heliodist,alpha,elong,x,y,z,vx,vy,vz,epoch
0,,2022 BH44,136.01121583333332,2.8433219444444444,Hungaria,21.6,0.943,34.073,-38.5887,-10.411,1.0068954857,1.93425795251,15.5,148.76,-1.653198182,0.958660481,0.186378317,-0.006268451,-0.007460305,-0.007535937,2459640.0
1,388188,2006 DP14,135.99070291666666,2.856540277777778,NEA>Apollo,18.3,0.151,120.137,-52.2858,37.734,0.43780818268,1.39436347563,21.82,148.74,-1.199844169,0.536306095,0.138253387,-0.014498937,-0.00237387,-0.003890778,2459640.0
2,,2000 FM54,136.01710124999997,2.716016666666667,MB>Middle,21.7,0.169,430.643,-21.5946,19.914,1.79583748417,2.70253279678,11.02,148.75,-2.230894157,1.515791074,0.192541736,-0.004272502,-0.009300559,-0.002304773,2459640.0
3,488828,2005 OU26,135.89527999999999,2.6860150000000003,Hungaria,20.5,0.161,693.486,-35.8638,-5.831,0.99254690459,1.91982141617,15.68,148.63,-1.641204826,0.952696386,0.180085866,-0.006340437,-0.007902915,-0.007018715,2459640.0
4,226496,2003 SU291,136.11134583333333,2.6392275,MB>Outer,20.0,0.058,784.651,-20.1035,9.662,2.23914808514,3.1392959338,9.44,148.84,-2.543265317,1.806583498,0.218916834,-0.005863519,-0.006752952,-0.003823829,2459640.0
5,607521,2001 KO85,136.205085,2.679382222222222,MB>Outer,21.6,0.191,880.381,-19.1606,12.497,2.37147758972,3.2705237244,9.03,148.94,-2.642543536,1.896389319,0.221579715,-0.005608234,-0.006941,-0.002902437,2459640.0
6,426381,2013 PG16,136.26068625,2.8843972222222223,MB>Inner,21.7,0.244,894.474,-26.7226,16.064,1.78875871061,2.69714033103,10.96,149.01,-2.230180062,1.496662893,0.201591289,-0.004400899,-0.007749738,-0.003053104,2459640.0
7,,2019 MD34,136.29218708333335,2.790691111111111,MB>Middle,23.3,0.454,1003.518,-26.5676,9.203,2.16767701918,3.07007260313,9.6,149.04,-2.50966852,1.753709102,0.222863646,-0.003452485,-0.007066547,-0.004097377,2459640.0
8,,2008 TG9,136.1216925,3.0949475,MB>Outer,21.1,0.047,1006.878,-19.8622,11.814,2.37899368018,3.2776816064,9.02,148.9,-2.648012814,1.904741832,0.240039879,-0.005051168,-0.007170302,-0.003060811,2459640.0
