,Number,Name,RA,DEC,Type,V,posunc,centerdist,RA_rate,DEC_rate,geodist,heliodist,alpha,elong,x,y,z,vx,vy,vz,epoch
0,90403,2003 YE45,79.06305458333333,53.42688222222222,NEA>Apollo,19.1,0.011,53.061,-61.8203,-11.079,0.66824674098,1.56392238918,23.17,141.39,0.645765059,1.135555749,0.870844173,-0.010341057,0.005431324,-0.000886131,2459900.0
