,Number,Name,RA,DEC,Type,V,posunc,centerdist,RA_rate,DEC_rate,geodist,heliodist,alpha,elong,x,y,z,vx,vy,vz,epoch
0,,C/2017 K2,281.68266374999996,11.359637777777778,Comet,11.2,0.34,5.146,17.7713,1.215,3.98128165711,3.76961134213,14.39,70.69,-0.194463565,-3.734958903,0.952037793,0.000581787,0.006672047,-0.010421937,2459640.0
