,Number,Name,RA,DEC,Type,V,posunc,centerdist,RA_rate,DEC_rate,geodist,heliodist,alpha,elong,x,y,z,vx,vy,vz,epoch
0,,26P,72.59230124999999,3.7172569444444448,Comet,23.0,0.36,2.436,-32.0643,-14.882,2.73556588836,3.66392066133,5.97,157.28,1.368586272,3.38608878,0.519530063,-0.007442836,-0.002030733,-0.001663942,2459900.0
1,,2022 UH85,72.57814833333332,3.6101430555555556,Hungaria,20.8,0.072,388.465,-58.3092,39.72,0.82900445777,1.77801155703,12.4,157.21,0.812050854,1.541007268,0.35366262,-0.010084465,0.004655099,0.007343757,2459900.0
2,285377,1999 TP130,72.62141666666666,3.611724166666667,MB>Outer,20.1,0.03,394.538,-27.4768,-13.262,2.07369859235,3.00587390719,7.31,157.18,1.178518725,2.729179386,0.464272449,-0.009291808,0.003999985,0.000224769,2459900.0
3,149449,2003 CE10,72.76432333333332,3.745010277777778,MB>Middle,20.2,0.034,628.42,-32.0569,-5.633,2.46248851236,3.39194133388,6.48,157.18,1.276550641,3.10180384,0.487144389,-0.006676493,0.003801189,0.00184108,2459900.0
4,576141,2012 FX87,72.43264541666666,3.8211375,MB>Middle,22.6,0.129,682.737,-32.2652,-8.106,2.24555068071,3.17774233039,6.84,157.46,1.228393996,2.891058795,0.47830873,-0.007480129,0.003790562,0.001322153,2459900.0
5,584220,2016 TC97,72.36427958333333,3.5915447222222223,MB>Outer,21.3,0.07,933.7,-28.4288,-5.764,2.13193007679,3.06437361217,7.13,157.34,1.202366911,2.779699876,0.458965122,-0.008713035,0.004464438,0.002038962,2459900.0
6,,2020 HQ14,72.49702749999999,3.4664936111111113,MB>Middle,22.3,0.105,964.454,-30.6997,-7.659,2.13004849384,3.06167606878,7.19,157.16,1.195214283,2.781861057,0.456410231,-0.008277593,0.003981171,0.001552854,2459900.0
