,Number,Name,RA,DEC,Type,V,posunc,centerdist,RA_rate,DEC_rate,geodist,heliodist,alpha,elong,x,y,z,vx,vy,vz,epoch
0,,C/2017 K2,281.4358545833333,11.344714444444445,Comet,11.2,0.34,29.868,18.5574,1.028,4.02417229015,3.78772474531,14.19,69.33,-0.194463565,-3.734958903,0.952037793,0.000581787,0.006672047,-0.010421937,2459640.0
