,Number,Name,RA,DEC,Type,V,posunc,centerdist,RA_rate,DEC_rate,geodist,heliodist,alpha,elong,x,y,z,vx,vy,vz,epoch
0,,C/2021 Y1,74.5549625,36.87441333333334,Comet,16.2,0.45,11.251,23.704,-11.272,3.7588793155,3.52655422102,15.55,69.25,1.641836863,2.376848987,2.037724422,-0.00469524,0.00099552,-0.012020346,2459810.0
1,,2021 PX141,74.53147666666665,36.65580194444444,MB>Middle,24.3,5.877,785.147,36.3454,15.913,3.18492791056,2.97754479183,18.51,69.27,1.523959866,1.938477157,1.673051202,-0.006854361,0.004835318,0.003906873,2459810.0
2,,2013 DJ8,74.29405874999999,36.751780277777776,MB>Outer,22.2,0.102,877.545,39.0577,14.23,3.26572117146,3.05763872043,18.03,69.46,1.551900432,1.995253914,1.726607924,-0.00849075,0.004274694,0.002497202,2459810.0
