,Number,Name,RA,DEC,Type,V,posunc,centerdist,RA_rate,DEC_rate,geodist,heliodist,alpha,elong,x,y,z,vx,vy,vz,epoch
0,,C/2022 E3,251.89101958333333,34.44853388888889,Comet,0.0,0.34,66.015,-64.2665,-19.492,2.14455584183,2.42122702766,24.64,93.27,0.307648621,-2.210594367,0.987002067,-0.007670386,0.013122174,0.003377916,2459810.0
